X,Y,Test or train,Raw prediction,Cumulative prediction,Cloglog prediction
-123.7626,40.7471,train,0.014346238941467554,61.540542672562154,0.7286805096768356
-123.751,42.802,train,0.015612829094610217,66.07173906814174,0.7581953876457361
-124.1602778,42.46083333,train,0.020824515575913874,78.93239847209354,0.8494571422708944
-123.8236,40.8406,train,0.0060222543049709264,21.143700050840195,0.4216549256588684
-123.9646,42.7788,train,0.016317653069058847,69.26811491942048,0.773205891714551
-123.8519444,42.63444444,train,0.023021485482819962,85.60706320950395,0.8767167844516885
-123.8266667,42.625,train,0.019515814270417157,74.78040378567127,0.8304337185717579
-123.7117,42.9047,train,0.011897385246982502,50.59181906718152,0.6610123778362609
