X,Y,Test or train,Raw prediction,Cumulative prediction,Cloglog prediction
-105.2463,33.6126,train,0.026422831226002044,29.330148466895395,0.6048419371553952
-105.809432,33.374246,train,0.06867701841481948,100.0,0.9104748269771347
-105.478066,33.433675,train,0.02956577632486157,43.161535656128066,0.6461595216844895
-105.853331,33.406705,train,0.015861125736520043,13.680265226237106,0.4272710081231693
-105.673041,33.331749,train,0.03196719511118306,58.3671795302611,0.6747926588796235
-105.363596,33.60675,train,0.04722220135034731,93.13229859124746,0.8097348375410236
-105.51133,33.61358,train,0.038784207675117574,83.86330768429346,0.7440657502936299
-105.74,32.95,train,0.045467755604438075,88.41004782121414,0.7976360115838433
-105.633037,33.39078,train,0.036913995567029304,76.24956501054638,0.7266814989747412
