X,Y,Test or train,Raw prediction,Cumulative prediction,Cloglog prediction
-119.8203,34.017,train,0.03128060760096814,54.75522506243924,0.7759250300897379
-119.42670000000001,34.01369999912473,train,0.07450104979858613,100.0,0.9716318326640123
-120.081,34.00529999912484,train,0.02019742276634231,38.51101871044087,0.6193212344182223
-119.5444,34.02199999912463,train,0.05462861967076348,86.84841637697593,0.9266291615687616
-119.714,33.992,train,0.057015256338839714,92.54979071898832,0.9345424080232211
-120.0896,33.97729999912519,train,0.03780614625925538,62.302005960831984,0.8359874764613149
-117.71,34.11,train,0.023509801798079585,40.86198540590527,0.675084644872862
-119.998,33.969,train,0.05094158968527534,76.0757013655217,0.9124830242297304
-117.621461,34.033904,train,0.028991458132104752,51.62710088739858,0.7500044487713708
-119.27,34.2778,train,0.05309797184947061,81.38543810273137,0.9210575580266708
-119.990796,34.036012,train,0.04501668936945627,70.98153648401801,0.8838189926798047
-119.425065,34.194052,train,0.026523922595368527,46.03499221012804,0.7186960889938527
-119.256303,34.130215,train,0.037661221158693935,58.521894747678125,0.8348469186636841
-117.708934,33.87557,train,0.019130856682816257,34.50467649216126,0.5994026170320119
-120.569491,35.082015,train,0.007412074327089253,18.52821005016527,0.298426924950825
