X,Y,Test or train,Raw prediction,Cumulative prediction,Cloglog prediction
-117.64444,34.31361,train,0.013513513513513514,1.351351351,0.6321205588285562
