X,Y,Test or train,Raw prediction,Cumulative prediction,Cloglog prediction
-116.45807,32.92561,train,0.08693585029570282,37.35180554808527,0.6619850448863249
-116.50455,32.97763,train,0.1884065327326412,99.99986451380016,0.9046952648395119
