X,Y,Test or train,Raw prediction,Cumulative prediction,Cloglog prediction
-116.45807,32.92561,train,0.09209832748621163,56.8686357049069,0.8530810033435559
-116.41472,32.87889,train,0.09429998244573361,66.29844103914306,0.8596648218312671
-116.42,32.8926,train,0.11265539494192758,88.10004969127098,0.9042446088563703
-116.50455,32.97763,train,0.10535254034862448,76.83333213966989,0.8885168980694061
-116.413,32.8715,train,0.08755551635841718,47.658718396190885,0.8385037707484216
-116.3978,32.9534,train,0.08378522564588055,38.903193151958774,0.8253131263668134
-116.45889,32.92556,train,0.11900690245897205,99.99981725353277,0.9161078642738799
