X,Y,Test or train,Raw prediction,Cumulative prediction,Cloglog prediction
-79.202538,38.98761,train,0.03330677250750872,54.15030104806307,0.7650393484192104
-79.495325,38.563451,train,0.04384932098295599,80.86587374303775,0.8514416510480229
-79.77936229,38.741448,train,0.02430434269382497,29.842760888904046,0.6524576192057249
-79.07992182,39.004845,train,0.02061318143884898,20.633843672511492,0.5919474760607026
-78.30135667,40.02438667,train,0.02238703869828827,22.87292623774857,0.6222395997489341
-79.467308,38.874203,train,0.03064616177245939,41.257293456938754,0.7362203498529416
-79.18181,38.594238,train,0.03501476145051036,61.039742364262636,0.7818579273328814
-79.17176653,38.568551,train,0.04148005136110185,76.48057447163175,0.8353198777698198
-79.270874,38.847334,train,0.04061289312719118,72.33279456681309,0.8289915257516018
-78.734779,39.395243,train,0.015597216789294741,15.03281795267102,0.4924912501478086
-79.276913,38.917228,train,0.03685068585979127,68.27147504743931,0.7985962064299287
-79.583016,38.335642,train,0.04735189801477815,94.78605071006395,0.8724295119095786
-79.60164,38.500107,train,0.047309367989221106,90.05102732924686,0.8721933637000578
-79.21121,38.355764,train,0.03387972878652345,57.53847393263022,0.7708210383784924
-78.396954,39.531205,train,0.026774536657581595,32.52165679647709,0.6878540679331311
-79.315872,38.399154,train,0.05213728104349776,99.99997934675295,0.896395807525446
-79.5336594,38.5537286,train,0.026840560930512534,35.20263791669168,0.6887489692680633
-79.532828,38.699836,train,0.030980370812289455,44.35521409565415,0.7400261382850535
-79.156905,39.383779,train,0.029886070356634,38.19280231840152,0.7273561148415577
-79.24476594,38.46296,train,0.0445440607482628,85.31989364966805,0.8558625717994004
