X,Y,Test or train,Raw prediction,Cumulative prediction,Cloglog prediction
-106.466479,35.211492,train,0.03443486547155553,91.53201422333322,0.9254260010596366
-106.366941,35.145165,train,0.03927768879877827,95.46412926521225,0.948235588998323
-123.25081,49.25408,train,0.01521457203614914,53.80627417078684,0.6824089522244374
