X,Y,Test or train,Raw prediction,Cumulative prediction,Cloglog prediction
-117.64444,34.31361,train,0.1938207576286461,99.99996616130697,0.9995913011522436
-117.6684,34.2881,train,0.05499587612045153,80.6179105867522,0.8907304704805673
-117.6527,34.2869,train,0.02372605618143306,48.30121325667225,0.6152364723686008
