X,Y,Test or train,Raw prediction,Cumulative prediction,Cloglog prediction
-116.45807,32.92561,train,0.009110987380971644,49.52840411971764,0.7007882989332355
-121.3746,36.6385,train,0.008074708409429763,46.945685634302954,0.6567737478841023
-116.50455,32.97763,train,0.025009966809847538,94.05923733269262,0.9635629206945991
