X,Y,Test or train,Raw prediction,Cumulative prediction,Cloglog prediction
-116.45807,32.92561,train,0.012928241282318826,50.38159113726074,0.7237226714709253
-116.559597,32.974354,train,0.03919313469030185,93.27368698069277,0.9797517493898423
-121.3746,36.6385,train,0.006459275620079198,34.83674720141012,0.4741256516444311
-116.417557,32.8078,train,0.027342566860878673,83.08311834687413,0.934162418585851
