X,Y,Test or train,Raw prediction,Cumulative prediction,Cloglog prediction
-97.13332791,19.58324784,train,0.029721063817570028,86.77892474147295,0.9184191886213742
-98.48184827,20.53767129,train,0.013959909862251681,51.52409672372477,0.6918404748296016
-98.7220116,19.21112005,train,0.0017957997929057086,4.151495856586771,0.14051915329651543
-98.17890672,20.33658417,train,0.01570470999409726,57.517222757780694,0.7340013377332869
-97.13331148,19.68336077,train,0.033294530345512434,96.65058819501479,0.9396434405797963
-97.25932662,19.7372675,train,0.03307635788209022,93.32044936788797,0.9385227905111021
-95.87298516,17.20651945,train,0.011170697683459832,40.17766763725401,0.6101306942726739
-96.06660798,17.01660974,train,0.018982480363969878,69.93725485568,0.7982355882636678
-97.58743154,19.87517961,train,0.024997759885297306,80.89855344378158,0.8785046542535223
-96.53727503,17.69898734,train,0.011119213774759626,37.94516046577981,0.6084344896506528
-97.08332952,19.49997487,train,0.032339090185692934,90.01299040378528,0.9345795466046332
-98.74268467,20.20066966,train,0.003676288779248365,12.395486937096239,0.26654915734321305
-96.03334996,17.18661579,train,0.022859641946256486,78.3988733924934,0.8545011919882406
-96.36670303,17.29999494,train,0.033499086505196334,99.99977905005115,0.9406755875864891
-98.1297403,20.34258847,train,0.013377865736266327,50.126346426310604,0.6763388495288105
