X,Y,Test or train,Raw prediction,Cumulative prediction,Cloglog prediction
-117.64444,34.31361,train,0.3174347919444847,99.9999197042477,0.999417325142125
-117.6684,34.2881,train,0.16018840759433994,44.73826636261031,0.9766802476881093
-117.6527,34.2869,train,0.2351838226299504,68.25646518361177,0.9959863346143047
