X,Y,Test or train,Raw prediction,Cumulative prediction,Cloglog prediction
-117.64444,34.31361,train,0.5024145290445803,99.99992064644428,0.9184783723895629
-117.6684,34.2881,train,0.20423732268964245,49.75860146753806,0.6390726393499011
