X,Y,Test or train,Raw prediction,Cumulative prediction,Cloglog prediction
-105.5242,40.7487,train,0.017587807078950007,38.90006246003575,0.6070330563431163
-105.427188,39.929817,train,0.03439793403523593,71.46019302804459,0.8390657800137307
-105.60267,39.630661,train,0.021484467218623682,50.86347006446194,0.6804905439543165
-105.396389,40.873333,train,0.012534604495978353,24.496893167507857,0.4860714573825955
-105.7286,40.1538,train,0.006678398136840832,9.945493670270324,0.2985933458973632
-105.28,41.0536,train,0.014420502327095892,32.47658750668132,0.5350497136561666
-105.31005,40.78809,train,0.02527196997251472,62.64021351008016,0.7387062564251787
-105.240304,40.436653,train,0.028083341507382856,68.02015556558844,0.7749454850071427
-105.3577,39.75049,train,0.025713630824649208,65.21183533432665,0.7447636206192112
-105.632885,40.408224,train,0.034842633206186115,74.94435685598083,0.842821953024141
-105.77805,39.65166,train,0.019236401158810312,44.64651402916978,0.6399747522881598
-105.5065,39.7144,train,0.021573205673584,53.02088932982489,0.6819927229440645
-105.3923,40.3729,train,0.05663534941260048,100.0,0.9505955384481458
-105.4726,40.5711,train,0.04147201162816717,90.02001736370897,0.8894668982863339
-105.8796,40.4768,train,0.014708717283311468,33.94749766558813,0.5421121186608406
-105.596672,40.559155,train,0.03554869738229341,78.49904623912172,0.8486064850657287
-105.31314,40.64164,train,0.02403091315822071,57.620226316192664,0.7209046115126336
-105.6563,40.0894,train,0.03654894052604253,82.15418917470372,0.8564385842058673
-105.4576,40.675,train,0.020257434048402665,46.67266212894314,0.6589768001839715
-105.41666,39.61666,train,0.018996462114342666,40.79964803580754,0.6353578272686873
-105.8009,40.6257,train,0.02493048874065064,60.11320752212289,0.7339244853213136
-105.3666,40.1392,train,0.037188330799550175,85.8728163681316,0.8612315047235798
-105.6956,40.7632,train,0.020428348897555723,48.715189487920945,0.6620581659935689
-105.43333,40.17528,train,0.04316477345855196,94.33639738085775,0.8989699393052721
-105.8008,39.6931,train,0.015232012054377271,35.47066222451259,0.554661835709045
-105.3733,41.211,train,0.010501069257221161,20.91436741734278,0.42746234345057676
