X,Y,Test or train,Raw prediction,Cumulative prediction,Cloglog prediction
-105.2463,33.6126,train,0.0264228313350944,29.3301551242495,0.6048419378386971
-105.809432,33.374246,train,0.06867701870218992,100.0,0.9104748273915236
-105.478066,33.433675,train,0.029565776479932023,43.161536096547486,0.6461595227794543
-105.853331,33.406705,train,0.015861125635945352,13.680265028466088,0.42727100537567586
-105.673041,33.331749,train,0.03196719479360995,58.36717887164393,0.6747926544226888
-105.363596,33.60675,train,0.04722220189798039,93.13229873754533,0.8097348404868336
-105.51133,33.61358,train,0.03878420811421418,83.8633079750057,0.7440657534520552
-105.74,32.95,train,0.04546775485417116,88.41004722781676,0.7976360055160773
-105.633037,33.39078,train,0.036913995749436816,76.24956588577038,0.7266814999231371
