X,Y,Test or train,Raw prediction,Cumulative prediction,Cloglog prediction
-119.8203,34.017,train,0.07357862629688784,64.25571670320107,0.7020920450886905
-120.0755,33.9895,train,0.11481148003487324,100.0,0.8488660413328375
-119.557,34.0215,train,0.05380039912683449,23.226230333141146,0.5874743837149148
-119.8471,34.0198,train,0.07871682685435415,79.60320162061511,0.7262489539695798
-120.0942,34.0107,train,0.061680176817546895,29.39423059362818,0.6376496877992341
-119.714,33.992,train,0.07475945777460839,71.7312286849214,0.7078257944937618
-119.998,33.969,train,0.08915673309078666,88.51886680622181,0.7694662704802551
