X,Y,Test or train,Raw prediction,Cumulative prediction,Cloglog prediction
-116.6793,33.8145,train,0.045833345875550116,78.44205460355337,0.7756574445422881
-116.4667,33.5333,train,0.03384027780607144,55.64702580879364,0.6682915194652186
-116.63389,33.70694,train,0.027739496564337766,39.671839141305384,0.5952793423664238
-116.6824,33.8681,train,0.024627640814321606,34.16065882486416,0.5520544411686299
-116.90167,34.15194,train,0.05517474189432421,100.0,0.834567997457476
