X,Y,Test or train,Raw prediction,Cumulative prediction,Cloglog prediction
-116.6793,33.8145,train,0.009422760202323275,94.29247773120325,0.7279664422746255
-116.74167,33.81667,train,0.009422760202323275,94.29247773120325,0.7279664422746255
-116.66667,33.86667,train,0.00567355982966325,6.4836594914565815,0.5433544380531947
-116.6733,33.7569,train,0.008906311102668945,87.95551370857541,0.7078471818538101
