X,Y,Test or train,Raw prediction,Cumulative prediction,Cloglog prediction
-118.8785,34.627,train,0.027534078782287,59.60561505458071,0.702074631663663
-119.161,34.623,train,0.03924088656202195,70.29765258530402,0.8219626901526592
-119.18,34.527,train,0.05367382026879779,79.66660431111843,0.90562729847505
-119.417,34.478,train,0.02067626945352183,49.785545335736266,0.5971999149867369
-118.6942,35.5449,train,0.010954573738207875,19.035998223684736,0.3823094182377613
-119.14733,34.811643,train,0.0846237140649051,100.0,0.9758057119797563
-119.1769,34.9227,train,0.025774428987692846,56.8522857331301,0.6781034961026023
-118.3613,35.0492,train,0.02062378777339293,47.71906624905809,0.5962691485817242
