X,Y,Test or train,Raw prediction,Cumulative prediction,Cloglog prediction
-118.8785,34.627,train,0.027534078576036868,59.605615518860766,0.7020746350859716
-119.161,34.623,train,0.03924088603040638,70.29765275349611,0.8219626912063971
-119.18,34.527,train,0.05367381952023398,79.66660380774695,0.9056272991501533
-119.417,34.478,train,0.0206762699250202,49.785564729904344,0.5971999295573753
-118.6942,35.5449,train,0.010954573961389326,19.036025986706193,0.3823094293526256
-119.14733,34.811643,train,0.08462371117321711,100.0,0.9758057104315616
-119.1769,34.9227,train,0.025774428971753447,56.85228651618934,0.6781035020715106
-118.3613,35.0492,train,0.020623787345443262,47.719065096203195,0.5962691472000194
