X,Y,Test or train,Raw prediction,Cumulative prediction,Cloglog prediction
-116.45807,32.92561,train,0.08693585025430461,37.35180628919067,0.6619850497258191
-116.50455,32.97763,train,0.18840652838402408,99.99986325290291,0.9046952627325028
