X,Y,Test or train,Raw prediction,Cumulative prediction,Cloglog prediction
-111.16666935098712,34.485629359255135,train,0.028223235898769055,81.38176901061826,0.881361085496269
-111.454,34.9475,train,0.02472950542610743,73.01713574904404,0.845535814105409
-111.728259,34.912377,train,0.013240136499691113,39.39749282556065,0.6321254539249308
-111.906028,34.929583,train,0.004145881426437906,15.545240023294559,0.26884805124949274
-110.806453,34.567861,train,0.004504438973111943,17.27192846225236,0.28838300698066077
-111.165968,34.494195,train,0.0350882155330254,91.57856448881822,0.929361169457276
-111.65056,35.205313,train,0.015503773372773652,44.039563530493425,0.689938114575898
-111.7697,35.0032,train,0.023901997627482657,63.271852741283624,0.8355736023675977
-112.139,36.0556,train,0.003982707185102554,13.912101971556908,0.25978130392102794
-111.97,35.0124,train,0.020427299495711017,56.72937339299999,0.7862294461300674
-110.841943,34.443212,train,0.027772726704358725,78.55958233631539,0.8772547555150818
-111.28306,34.52972,train,0.03200461105259075,84.58221315948259,0.9108356461296375
-110.749,34.3388,train,0.012692451174308925,35.4792878577526,0.6165887941576497
-111.40129999999999,34.51161999911875,train,0.04287343268906882,100.0,0.9607649334857256
