X,Y,Test or train,Raw prediction,Cumulative prediction,Cloglog prediction
-119.8203,34.017,train,0.0735788931723865,64.25550817822705,0.7020932399974186
-120.0755,33.9895,train,0.11481153262556776,99.99979084335119,0.8488660822304384
-119.557,34.0215,train,0.053800453892637184,23.226181515678554,0.5874746405355206
-119.8471,34.0198,train,0.07871697049605186,79.60312677393583,0.7262494894748123
-120.0942,34.0107,train,0.061680076590530146,29.39420912449249,0.6376489742672968
-119.714,33.992,train,0.07475954282026609,71.73157358099297,0.7078260902616843
-119.998,33.969,train,0.08915661278847928,88.5188524600248,0.7694657075256932
